"0","library(tidyverse)
"
"2","Registered S3 methods overwritten by 'dbplyr':
  method         from
  print.tbl_lazy     
  print.tbl_sql      
"
"2","â”€â”€ [1mAttaching packages[22m â”€â”€â”€â”€â”€â”€ tidyverse 1.3.2 â”€â”€"
"2","[32mâœ”[39m [34mggplot2[39m 3.4.1     [32mâœ”[39m [34mpurrr  [39m 1.0.1
[32mâœ”[39m [34mtibble [39m 3.2.0     [32mâœ”[39m [34mdplyr  [39m 1.1.0
[32mâœ”[39m [34mtidyr  [39m 1.3.0     [32mâœ”[39m [34mstringr[39m 1.5.0
[32mâœ”[39m [34mreadr  [39m 2.1.2     [32mâœ”[39m [34mforcats[39m 0.5.1"
"2","â”€â”€ [1mConflicts[22m â”€â”€â”€â”€â”€â”€â”€â”€â”€ tidyverse_conflicts() â”€â”€
[31mâœ–[39m [34mtidyr[39m::[32mexpand()[39m masks [34mMatrix[39m::expand()
[31mâœ–[39m [34mdplyr[39m::[32mfilter()[39m masks [34mstats[39m::filter()
[31mâœ–[39m [34mdplyr[39m::[32mlag()[39m    masks [34mstats[39m::lag()
[31mâœ–[39m [34mtidyr[39m::[32mpack()[39m   masks [34mMatrix[39m::pack()
[31mâœ–[39m [34mtidyr[39m::[32munpack()[39m masks [34mMatrix[39m::unpack()"
