"0","grad_model_constrained =  '"
"0","  intent.to.apply ~ a*perceived.value + 0*external.pressure + c*perceived.control"
"0","  application.behaviour ~ d*intent.to.apply + perceived.control"
"0",""
"0","  perceived.control ~~ perceived.value # These are covariance paths"
"0","  perceived.control ~~ external.pressure # These are covariance paths"
"0","  external.pressure ~~ perceived.value # These are covariance paths"
"0",""
"0","  value.through.intent:=a*d"
"0","  control.through.intent:=c*d"
"0","'"
"0",""
"0","grad_analysis_constrained = "
"0"," sem(grad_model_constrained, data=grad, se=""bootstrap"")"
"0",""
